Адрес,Email,Код
ул. Дзержинскогод.6 кв.466,heber.tremblay@friesen.com,8
Красноармейская ул.д.34 кв.102,moen.ryder@volkman.biz,20
пр. Якушкинад.60 кв.107,lueilwitz.arlene@friesen.com,19
Б. Марфинская ул.д.31 кв.159,kuhn.deven@feeney.com,20
ул. Быстролётовад.81 кв.107,carmelo36@johnson.com,8
Высокая ул.д.77 кв.232,jarret.gleason@hotmail.com,4
Новосущёвская ул.д.80 кв.422,shnnahan.eleonore@hotmail.com,23
ул. Дачнаяд.25 кв.43,kwolf@mraz.net,10
Столбовая ул.д.14 кв.61,ayden.nienow@abshire.biz,19
Ср. Кисловский пер.д.73 кв.65,kuhlam.naomie@yahoo.com,9
